name,title,level,facing,categories,description,detail,remediation,metadata,cache_key
unindexed_foreign_keys,Unindexed foreign keys,INFO,EXTERNAL,"[""PERFORMANCE""]","Identifies foreign key constraints without a covering index, which can impact database performance.",Table \`public.subscription_plan_modules\` has a foreign key \`subscription_plan_modules_module_id_fkey\` without a covering index. This can lead to suboptimal query performance.,https://supabase.com/docs/guides/database/database-linter?lint=0001_unindexed_foreign_keys,"{""name"":""subscription_plan_modules"",""type"":""table"",""schema"":""public"",""fkey_name"":""subscription_plan_modules_module_id_fkey"",""fkey_columns"":[2]}",unindexed_foreign_keys_public_subscription_plan_modules_subscription_plan_modules_module_id_fkey
unindexed_foreign_keys,Unindexed foreign keys,INFO,EXTERNAL,"[""PERFORMANCE""]","Identifies foreign key constraints without a covering index, which can impact database performance.",Table \`public.tenant_activity_log\` has a foreign key \`tenant_activity_log_user_id_fkey\` without a covering index. This can lead to suboptimal query performance.,https://supabase.com/docs/guides/database/database-linter?lint=0001_unindexed_foreign_keys,"{""name"":""tenant_activity_log"",""type"":""table"",""schema"":""public"",""fkey_name"":""tenant_activity_log_user_id_fkey"",""fkey_columns"":[3]}",unindexed_foreign_keys_public_tenant_activity_log_tenant_activity_log_user_id_fkey
unindexed_foreign_keys,Unindexed foreign keys,INFO,EXTERNAL,"[""PERFORMANCE""]","Identifies foreign key constraints without a covering index, which can impact database performance.",Table \`public.tenant_module_overrides\` has a foreign key \`tenant_module_overrides_module_id_fkey\` without a covering index. This can lead to suboptimal query performance.,https://supabase.com/docs/guides/database/database-linter?lint=0001_unindexed_foreign_keys,"{""name"":""tenant_module_overrides"",""type"":""table"",""schema"":""public"",""fkey_name"":""tenant_module_overrides_module_id_fkey"",""fkey_columns"":[2]}",unindexed_foreign_keys_public_tenant_module_overrides_tenant_module_overrides_module_id_fkey
unindexed_foreign_keys,Unindexed foreign keys,INFO,EXTERNAL,"[""PERFORMANCE""]","Identifies foreign key constraints without a covering index, which can impact database performance.",Table \`public.tenant_module_subscriptions\` has a foreign key \`tenant_module_subscriptions_module_id_fkey\` without a covering index. This can lead to suboptimal query performance.,https://supabase.com/docs/guides/database/database-linter?lint=0001_unindexed_foreign_keys,"{""name"":""tenant_module_subscriptions"",""type"":""table"",""schema"":""public"",""fkey_name"":""tenant_module_subscriptions_module_id_fkey"",""fkey_columns"":[2]}",unindexed_foreign_keys_public_tenant_module_subscriptions_tenant_module_subscriptions_module_id_fkey
unused_index,Unused Index,INFO,EXTERNAL,"[""PERFORMANCE""]",Detects if an index has never been used and may be a candidate for removal.,Index \`idx_ingredients_tenant\` on table \`public.ingredients\` has not been used,https://supabase.com/docs/guides/database/database-linter?lint=0005_unused_index,"{""name"":""ingredients"",""type"":""table"",""schema"":""public""}",unused_index_public_ingredients_idx_ingredients_tenant
unused_index,Unused Index,INFO,EXTERNAL,"[""PERFORMANCE""]",Detects if an index has never been used and may be a candidate for removal.,Index \`idx_ingredient_categories_tenant\` on table \`public.ingredient_categories\` has not been used,https://supabase.com/docs/guides/database/database-linter?lint=0005_unused_index,"{""name"":""ingredient_categories"",""type"":""table"",""schema"":""public""}",unused_index_public_ingredient_categories_idx_ingredient_categories_tenant
unused_index,Unused Index,INFO,EXTERNAL,"[""PERFORMANCE""]",Detects if an index has never been used and may be a candidate for removal.,Index \`idx_product_categories_tenant\` on table \`public.product_categories\` has not been used,https://supabase.com/docs/guides/database/database-linter?lint=0005_unused_index,"{""name"":""product_categories"",""type"":""table"",""schema"":""public""}",unused_index_public_product_categories_idx_product_categories_tenant
unused_index,Unused Index,INFO,EXTERNAL,"[""PERFORMANCE""]",Detects if an index has never been used and may be a candidate for removal.,Index \`idx_recipes_tenant\` on table \`public.recipes\` has not been used,https://supabase.com/docs/guides/database/database-linter?lint=0005_unused_index,"{""name"":""recipes"",""type"":""table"",""schema"":""public""}",unused_index_public_recipes_idx_recipes_tenant
unused_index,Unused Index,INFO,EXTERNAL,"[""PERFORMANCE""]",Detects if an index has never been used and may be a candidate for removal.,Index \`idx_base_templates_tenant\` on table \`public.base_templates\` has not been used,https://supabase.com/docs/guides/database/database-linter?lint=0005_unused_index,"{""name"":""base_templates"",""type"":""table"",""schema"":""public""}",unused_index_public_base_templates_idx_base_templates_tenant
unused_index,Unused Index,INFO,EXTERNAL,"[""PERFORMANCE""]",Detects if an index has never been used and may be a candidate for removal.,Index \`idx_overhead_settings_tenant\` on table \`public.overhead_settings\` has not been used,https://supabase.com/docs/guides/database/database-linter?lint=0005_unused_index,"{""name"":""overhead_settings"",""type"":""table"",""schema"":""public""}",unused_index_public_overhead_settings_idx_overhead_settings_tenant
unused_index,Unused Index,INFO,EXTERNAL,"[""PERFORMANCE""]",Detects if an index has never been used and may be a candidate for removal.,Index \`idx_drink_sizes_tenant\` on table \`public.drink_sizes\` has not been used,https://supabase.com/docs/guides/database/database-linter?lint=0005_unused_index,"{""name"":""drink_sizes"",""type"":""table"",""schema"":""public""}",unused_index_public_drink_sizes_idx_drink_sizes_tenant
unused_index,Unused Index,INFO,EXTERNAL,"[""PERFORMANCE""]",Detects if an index has never been used and may be a candidate for removal.,Index \`idx_food_items_tenant\` on table \`public.food_items\` has not been used,https://supabase.com/docs/guides/database/database-linter?lint=0005_unused_index,"{""name"":""food_items"",""type"":""table"",""schema"":""public""}",unused_index_public_food_items_idx_food_items_tenant
unused_index,Unused Index,INFO,EXTERNAL,"[""PERFORMANCE""]",Detects if an index has never been used and may be a candidate for removal.,Index \`idx_products_tenant\` on table \`public.products\` has not been used,https://supabase.com/docs/guides/database/database-linter?lint=0005_unused_index,"{""name"":""products"",""type"":""table"",""schema"":""public""}",unused_index_public_products_idx_products_tenant
unused_index,Unused Index,INFO,EXTERNAL,"[""PERFORMANCE""]",Detects if an index has never been used and may be a candidate for removal.,Index \`idx_ingredients_category\` on table \`public.ingredients\` has not been used,https://supabase.com/docs/guides/database/database-linter?lint=0005_unused_index,"{""name"":""ingredients"",""type"":""table"",""schema"":""public""}",unused_index_public_ingredients_idx_ingredients_category
unused_index,Unused Index,INFO,EXTERNAL,"[""PERFORMANCE""]",Detects if an index has never been used and may be a candidate for removal.,Index \`idx_ingredients_active\` on table \`public.ingredients\` has not been used,https://supabase.com/docs/guides/database/database-linter?lint=0005_unused_index,"{""name"":""ingredients"",""type"":""table"",""schema"":""public""}",unused_index_public_ingredients_idx_ingredients_active
unused_index,Unused Index,INFO,EXTERNAL,"[""PERFORMANCE""]",Detects if an index has never been used and may be a candidate for removal.,Index \`idx_recipes_active\` on table \`public.recipes\` has not been used,https://supabase.com/docs/guides/database/database-linter?lint=0005_unused_index,"{""name"":""recipes"",""type"":""table"",""schema"":""public""}",unused_index_public_recipes_idx_recipes_active
unused_index,Unused Index,INFO,EXTERNAL,"[""PERFORMANCE""]",Detects if an index has never been used and may be a candidate for removal.,Index \`idx_recipe_ingredients_size\` on table \`public.recipe_ingredients\` has not been used,https://supabase.com/docs/guides/database/database-linter?lint=0005_unused_index,"{""name"":""recipe_ingredients"",""type"":""table"",""schema"":""public""}",unused_index_public_recipe_ingredients_idx_recipe_ingredients_size
unused_index,Unused Index,INFO,EXTERNAL,"[""PERFORMANCE""]",Detects if an index has never been used and may be a candidate for removal.,Index \`idx_base_template_ingredients_ingredient\` on table \`public.base_template_ingredients\` has not been used,https://supabase.com/docs/guides/database/database-linter?lint=0005_unused_index,"{""name"":""base_template_ingredients"",""type"":""table"",""schema"":""public""}",unused_index_public_base_template_ingredients_idx_base_template_ingredients_ingredient
unused_index,Unused Index,INFO,EXTERNAL,"[""PERFORMANCE""]",Detects if an index has never been used and may be a candidate for removal.,Index \`idx_cash_activity_tenant\` on table \`public.cash_activity\` has not been used,https://supabase.com/docs/guides/database/database-linter?lint=0005_unused_index,"{""name"":""cash_activity"",""type"":""table"",""schema"":""public""}",unused_index_public_cash_activity_idx_cash_activity_tenant
unused_index,Unused Index,INFO,EXTERNAL,"[""PERFORMANCE""]",Detects if an index has never been used and may be a candidate for removal.,Index \`idx_base_template_ingredients_size\` on table \`public.base_template_ingredients\` has not been used,https://supabase.com/docs/guides/database/database-linter?lint=0005_unused_index,"{""name"":""base_template_ingredients"",""type"":""table"",""schema"":""public""}",unused_index_public_base_template_ingredients_idx_base_template_ingredients_size
unused_index,Unused Index,INFO,EXTERNAL,"[""PERFORMANCE""]",Detects if an index has never been used and may be a candidate for removal.,Index \`idx_food_items_category\` on table \`public.food_items\` has not been used,https://supabase.com/docs/guides/database/database-linter?lint=0005_unused_index,"{""name"":""food_items"",""type"":""table"",""schema"":""public""}",unused_index_public_food_items_idx_food_items_category
unused_index,Unused Index,INFO,EXTERNAL,"[""PERFORMANCE""]",Detects if an index has never been used and may be a candidate for removal.,Index \`idx_recipe_ingredients_ingredient\` on table \`public.recipe_ingredients\` has not been used,https://supabase.com/docs/guides/database/database-linter?lint=0005_unused_index,"{""name"":""recipe_ingredients"",""type"":""table"",""schema"":""public""}",unused_index_public_recipe_ingredients_idx_recipe_ingredients_ingredient
unused_index,Unused Index,INFO,EXTERNAL,"[""PERFORMANCE""]",Detects if an index has never been used and may be a candidate for removal.,Index \`idx_recipe_ingredients_syrup_recipe\` on table \`public.recipe_ingredients\` has not been used,https://supabase.com/docs/guides/database/database-linter?lint=0005_unused_index,"{""name"":""recipe_ingredients"",""type"":""table"",""schema"":""public""}",unused_index_public_recipe_ingredients_idx_recipe_ingredients_syrup_recipe
unused_index,Unused Index,INFO,EXTERNAL,"[""PERFORMANCE""]",Detects if an index has never been used and may be a candidate for removal.,Index \`idx_recipe_size_bases_template\` on table \`public.recipe_size_bases\` has not been used,https://supabase.com/docs/guides/database/database-linter?lint=0005_unused_index,"{""name"":""recipe_size_bases"",""type"":""table"",""schema"":""public""}",unused_index_public_recipe_size_bases_idx_recipe_size_bases_template
unused_index,Unused Index,INFO,EXTERNAL,"[""PERFORMANCE""]",Detects if an index has never been used and may be a candidate for removal.,Index \`idx_recipe_size_bases_size\` on table \`public.recipe_size_bases\` has not been used,https://supabase.com/docs/guides/database/database-linter?lint=0005_unused_index,"{""name"":""recipe_size_bases"",""type"":""table"",""schema"":""public""}",unused_index_public_recipe_size_bases_idx_recipe_size_bases_size
unused_index,Unused Index,INFO,EXTERNAL,"[""PERFORMANCE""]",Detects if an index has never been used and may be a candidate for removal.,Index \`idx_recipe_size_pricing_size\` on table \`public.recipe_size_pricing\` has not been used,https://supabase.com/docs/guides/database/database-linter?lint=0005_unused_index,"{""name"":""recipe_size_pricing"",""type"":""table"",""schema"":""public""}",unused_index_public_recipe_size_pricing_idx_recipe_size_pricing_size
unused_index,Unused Index,INFO,EXTERNAL,"[""PERFORMANCE""]",Detects if an index has never been used and may be a candidate for removal.,Index \`idx_recipes_base_template\` on table \`public.recipes\` has not been used,https://supabase.com/docs/guides/database/database-linter?lint=0005_unused_index,"{""name"":""recipes"",""type"":""table"",""schema"":""public""}",unused_index_public_recipes_idx_recipes_base_template
unused_index,Unused Index,INFO,EXTERNAL,"[""PERFORMANCE""]",Detects if an index has never been used and may be a candidate for removal.,Index \`idx_tenant_usage_metrics_tenant_date\` on table \`public.tenant_usage_metrics\` has not been used,https://supabase.com/docs/guides/database/database-linter?lint=0005_unused_index,"{""name"":""tenant_usage_metrics"",""type"":""table"",""schema"":""public""}",unused_index_public_tenant_usage_metrics_idx_tenant_usage_metrics_tenant_date
unused_index,Unused Index,INFO,EXTERNAL,"[""PERFORMANCE""]",Detects if an index has never been used and may be a candidate for removal.,Index \`idx_tenant_activity_log_tenant\` on table \`public.tenant_activity_log\` has not been used,https://supabase.com/docs/guides/database/database-linter?lint=0005_unused_index,"{""name"":""tenant_activity_log"",""type"":""table"",""schema"":""public""}",unused_index_public_tenant_activity_log_idx_tenant_activity_log_tenant
unused_index,Unused Index,INFO,EXTERNAL,"[""PERFORMANCE""]",Detects if an index has never been used and may be a candidate for removal.,Index \`idx_tip_weekly_data_tenant\` on table \`public.tip_weekly_data\` has not been used,https://supabase.com/docs/guides/database/database-linter?lint=0005_unused_index,"{""name"":""tip_weekly_data"",""type"":""table"",""schema"":""public""}",unused_index_public_tip_weekly_data_idx_tip_weekly_data_tenant
unused_index,Unused Index,INFO,EXTERNAL,"[""PERFORMANCE""]",Detects if an index has never been used and may be a candidate for removal.,Index \`idx_tip_weekly_data_week\` on table \`public.tip_weekly_data\` has not been used,https://supabase.com/docs/guides/database/database-linter?lint=0005_unused_index,"{""name"":""tip_weekly_data"",""type"":""table"",""schema"":""public""}",unused_index_public_tip_weekly_data_idx_tip_weekly_data_week
unused_index,Unused Index,INFO,EXTERNAL,"[""PERFORMANCE""]",Detects if an index has never been used and may be a candidate for removal.,Index \`idx_tip_employee_hours_employee\` on table \`public.tip_employee_hours\` has not been used,https://supabase.com/docs/guides/database/database-linter?lint=0005_unused_index,"{""name"":""tip_employee_hours"",""type"":""table"",""schema"":""public""}",unused_index_public_tip_employee_hours_idx_tip_employee_hours_employee
unused_index,Unused Index,INFO,EXTERNAL,"[""PERFORMANCE""]",Detects if an index has never been used and may be a candidate for removal.,Index \`idx_user_profiles_email\` on table \`public.user_profiles\` has not been used,https://supabase.com/docs/guides/database/database-linter?lint=0005_unused_index,"{""name"":""user_profiles"",""type"":""table"",""schema"":""public""}",unused_index_public_user_profiles_idx_user_profiles_email
unused_index,Unused Index,INFO,EXTERNAL,"[""PERFORMANCE""]",Detects if an index has never been used and may be a candidate for removal.,Index \`idx_tenants_slug\` on table \`public.tenants\` has not been used,https://supabase.com/docs/guides/database/database-linter?lint=0005_unused_index,"{""name"":""tenants"",""type"":""table"",""schema"":""public""}",unused_index_public_tenants_idx_tenants_slug
unused_index,Unused Index,INFO,EXTERNAL,"[""PERFORMANCE""]",Detects if an index has never been used and may be a candidate for removal.,Index \`idx_coffee_products_tenant\` on table \`public.tenant_coffee_products\` has not been used,https://supabase.com/docs/guides/database/database-linter?lint=0005_unused_index,"{""name"":""tenant_coffee_products"",""type"":""table"",""schema"":""public""}",unused_index_public_tenant_coffee_products_idx_coffee_products_tenant
unused_index,Unused Index,INFO,EXTERNAL,"[""PERFORMANCE""]",Detects if an index has never been used and may be a candidate for removal.,Index \`idx_equipment_tenant\` on table \`public.equipment\` has not been used,https://supabase.com/docs/guides/database/database-linter?lint=0005_unused_index,"{""name"":""equipment"",""type"":""table"",""schema"":""public""}",unused_index_public_equipment_idx_equipment_tenant
unused_index,Unused Index,INFO,EXTERNAL,"[""PERFORMANCE""]",Detects if an index has never been used and may be a candidate for removal.,Index \`idx_maintenance_tasks_tenant\` on table \`public.maintenance_tasks\` has not been used,https://supabase.com/docs/guides/database/database-linter?lint=0005_unused_index,"{""name"":""maintenance_tasks"",""type"":""table"",""schema"":""public""}",unused_index_public_maintenance_tasks_idx_maintenance_tasks_tenant
unused_index,Unused Index,INFO,EXTERNAL,"[""PERFORMANCE""]",Detects if an index has never been used and may be a candidate for removal.,Index \`idx_maintenance_tasks_equipment\` on table \`public.maintenance_tasks\` has not been used,https://supabase.com/docs/guides/database/database-linter?lint=0005_unused_index,"{""name"":""maintenance_tasks"",""type"":""table"",""schema"":""public""}",unused_index_public_maintenance_tasks_idx_maintenance_tasks_equipment
unused_index,Unused Index,INFO,EXTERNAL,"[""PERFORMANCE""]",Detects if an index has never been used and may be a candidate for removal.,Index \`idx_maintenance_tasks_due\` on table \`public.maintenance_tasks\` has not been used,https://supabase.com/docs/guides/database/database-linter?lint=0005_unused_index,"{""name"":""maintenance_tasks"",""type"":""table"",""schema"":""public""}",unused_index_public_maintenance_tasks_idx_maintenance_tasks_due
unused_index,Unused Index,INFO,EXTERNAL,"[""PERFORMANCE""]",Detects if an index has never been used and may be a candidate for removal.,Index \`idx_maintenance_logs_tenant\` on table \`public.maintenance_logs\` has not been used,https://supabase.com/docs/guides/database/database-linter?lint=0005_unused_index,"{""name"":""maintenance_logs"",""type"":""table"",""schema"":""public""}",unused_index_public_maintenance_logs_idx_maintenance_logs_tenant
unused_index,Unused Index,INFO,EXTERNAL,"[""PERFORMANCE""]",Detects if an index has never been used and may be a candidate for removal.,Index \`idx_maintenance_logs_task\` on table \`public.maintenance_logs\` has not been used,https://supabase.com/docs/guides/database/database-linter?lint=0005_unused_index,"{""name"":""maintenance_logs"",""type"":""table"",""schema"":""public""}",unused_index_public_maintenance_logs_idx_maintenance_logs_task
unused_index,Unused Index,INFO,EXTERNAL,"[""PERFORMANCE""]",Detects if an index has never been used and may be a candidate for removal.,Index \`idx_maintenance_logs_date\` on table \`public.maintenance_logs\` has not been used,https://supabase.com/docs/guides/database/database-linter?lint=0005_unused_index,"{""name"":""maintenance_logs"",""type"":""table"",""schema"":""public""}",unused_index_public_maintenance_logs_idx_maintenance_logs_date